{
  "train_losses": [
    1.4020447731018066,
    1.5031798481941223,
    1.1383009850978851,
    1.1523836702108383,
    1.1896865665912628
  ],
  "val_losses": [
    1.6779751777648926,
    2.4536895751953125,
    2.2517542839050293,
    1.9012582302093506,
    2.305588960647583
  ],
  "train_accuracies": [
    0.0,
    42.857142857142854,
    42.857142857142854,
    42.857142857142854,
    28.571428571428573
  ],
  "val_accuracies": [
    0.0,
    0.0,
    0.0,
    0.0,
    0.0
  ],
  "config": {
    "num_classes": 4,
    "sequence_length": 10,
    "hidden_size": 512,
    "num_layers": 2,
    "dropout": 0.3,
    "learning_rate": 0.001,
    "batch_size": 2,
    "num_epochs": 5,
    "frame_size": [
      224,
      224
    ]
  },
  "classes": [
    "PersonA",
    "PersonB",
    "PersonC",
    "face"
  ]
}